actual,proposed
0.30000463128089905,0.20000000298023224
0.3015044629573822,0.20000000298023224
0.30300432443618774,0.20000000298023224
0.3045041859149933,0.20000000298023224
0.30600404739379883,0.20000000298023224
0.30750390887260437,0.20000000298023224
0.3090038001537323,0.20000000298023224
0.15238399803638458,0.18202456831932068
0.15529286861419678,0.20000000298023224
0.1601690798997879,0.20000000298023224
0.15519747138023376,0.20000000298023224
0.1531791090965271,0.19967415928840637
0.13588865101337433,0.19202256202697754
0.12945690751075745,0.17864738404750824
0.11864502727985382,0.17844878137111664
0.10351292043924332,0.15906700491905212
0.0841178223490715,0.15359342098236084
0.06923216581344604,0.1473034918308258
0.05006934329867363,0.13834738731384277
0.026684356853365898,0.1285240650177002
0.0,0.10644235461950302
0.0,0.10130484402179718
0.0,0.0896495133638382
0.0,0.07885956764221191
0.0,0.06493821740150452
0.0,0.05311436206102371
0.0,0.028649644926190376
0.0,0.0
0.0,0.0
0.0,0.0
0.0,0.0
0.0,0.0
0.0,0.0
0.0,0.0
0.0,0.0
0.0,0.0
0.0,0.0
0.0,0.0
0.0,0.0
0.0,0.0
0.0,0.0
0.0,0.0
0.0,0.0
0.0,0.0
0.0,0.0
0.0,0.0
0.0,0.0
0.0,0.0
0.0,0.0
0.0,0.0
0.0,0.0
0.0,0.0
0.00997406430542469,0.0
0.022319070994853973,0.0
0.043141577392816544,0.0
0.05925390496850014,0.0
0.075090691447258,0.012658342719078064
0.09938178211450577,0.06341324001550674
0.11894083023071289,0.06898193806409836
0.15294551849365234,0.08141298592090607
0.1629919409751892,0.08279159665107727
0.17725719511508942,0.08862841874361038
0.20085477828979492,0.0962308719754219
0.20590564608573914,0.0979752242565155
0.2109055519104004,0.10049062222242355
0.22021591663360596,0.10473304986953735
0.2207016497850418,0.1042397990822792
0.2260282337665558,0.107505664229393
0.22215233743190765,0.10664021968841553
0.20591920614242554,0.10262144356966019
0.20239366590976715,0.10407713055610657
0.1858556866645813,0.09800031781196594
0.17391927540302277,0.09637212753295898
0.1577950268983841,0.09182160347700119
0.11754992604255676,0.08128548413515091
0.09782540798187256,0.07623747736215591
0.07399089634418488,0.06918825209140778
0.04609508067369461,0.06104159727692604
3.7017241993453354e-05,0.059126488864421844
0.0,0.026572298258543015
0.0,0.024134432896971703
0.0,0.0
0.0,0.0004253274528309703
0.0,0.0
0.0,0.0
0.0,0.0
0.0,0.0
0.0,0.0
0.0,0.0
0.0,0.0
0.0,0.0
0.0,0.0
0.0,0.0
0.0,0.0
0.0,0.0
0.0,0.0
0.0,0.0
0.0,0.0
0.0,0.0
0.0,0.0
0.0,0.0
0.0,0.0
0.0,0.0
0.0,0.0
0.0,0.0
0.0,0.0
0.0,0.0
0.0,0.0
0.0,0.0
0.0,0.0
0.0,0.0
0.0,0.0
0.0,0.0
0.0,0.0
0.0,0.0
0.0,0.0
0.0,0.0
0.0,0.0
0.0,0.0
0.004526791628450155,0.0
0.024763567373156548,0.010593985207378864
0.031334370374679565,0.022925378754734993
0.036721475422382355,0.0257071815431118
0.03857304900884628,0.02816355787217617
0.04817967116832733,0.03254130110144615
0.05328323692083359,0.03320589289069176
0.06266822665929794,0.03662436455488205
0.050709523260593414,0.034087322652339935
0.03832881897687912,0.02615123987197876
0.030473140999674797,0.027271350845694542
0.027074240148067474,0.027379456907510757
0.019349420443177223,0.024649376049637794
0.01607506535947323,0.024627799168229103
0.013964492827653885,0.023610150441527367
0.006347143556922674,0.020741844549775124
2.2924399672774598e-05,0.019507721066474915
0.0,0.018399905413389206
0.0,0.015412529930472374
0.0,0.015162949450314045
0.0,0.015842556953430176
0.0,0.010035867802798748
0.24316257238388062,0.20000000298023224
0.24158048629760742,0.1277301013469696
0.238438680768013,0.1305370181798935
0.2412363886833191,0.13474594056606293
0.23962022364139557,0.13579581677913666
0.23801171779632568,0.13927140831947327
0.23641033470630646,0.13973963260650635
0.23481501638889313,0.14049296081066132
0.23164063692092896,0.1404758244752884
0.22570110857486725,0.13970011472702026
0.21546685695648193,0.13687194883823395
0.2053537666797638,0.13476498425006866
0.19535592198371887,0.13247698545455933
0.18110856413841248,0.12816530466079712
0.16702581942081451,0.12460026890039444
0.15309925377368927,0.12087631225585938
0.13932135701179504,0.11701174825429916
0.12132584303617477,0.1111590638756752
0.10352461785078049,0.10608401149511337
0.08154941350221634,0.09901408851146698
0.06416923552751541,0.09457933157682419
0.03823497146368027,0.08539223670959473
0.012577012181282043,0.07789339870214462
0.0,0.06838569790124893
0.0,0.06150076165795326
0.0,0.06662394106388092
0.0,0.035614319145679474
0.0,0.032007161527872086
0.0,0.021776964887976646
0.0,0.028192322701215744
0.0,0.0
0.0,0.0
0.0,0.0
0.0,0.0
0.0,0.0
0.0,0.0
0.0,0.0
0.0,0.0
0.0,0.0
0.0,0.0
0.0,0.0
0.0,0.0
0.0,0.0
0.0,0.0
0.0,0.0
0.0,0.0
0.0,0.0
0.0,0.0
0.0,0.0
0.0,2.8855338314315304e-06
0.0,0.015503919683396816
0.0,0.017626550048589706
0.0,0.017218034714460373
0.0,0.021403390914201736
0.0,0.021434927359223366
0.0,0.019983362406492233
0.0,0.021237162873148918
0.0,0.02152847684919834
0.0,0.019179198890924454
0.0,0.01651245541870594
0.0,0.01840921677649021
0.0,0.010996147990226746
0.0,0.01458687148988247
0.0,0.012624534778296947
0.0,0.008615636266767979
0.0,0.004673192277550697
0.09990354627370834,0.003431532299146056
0.0964675024151802,0.1933736652135849
0.10679329186677933,0.10638227313756943
0.1073642298579216,0.10728023201227188
0.11220724880695343,0.11061836779117584
0.11254680156707764,0.11089631170034409
0.1171669065952301,0.11368723213672638
0.1172918826341629,0.11348229646682739
0.11734601855278015,0.1158469095826149
0.12169082462787628,0.11526563763618469
0.11719101667404175,0.11357104033231735
0.11269049346446991,0.1126096248626709
0.10382921248674393,0.10961419343948364
0.0993848368525505,0.10921993851661682
0.09493425488471985,0.10777079313993454
0.0861181765794754,0.10434421896934509
0.07735525071620941,0.10170501470565796
0.06864213943481445,0.10453379899263382
0.05561661347746849,0.09899862855672836
0.04269520938396454,0.08681447058916092
0.029871657490730286,0.08642886579036713
0.021500252187252045,0.08969198167324066
0.013155543245375156,0.08372107893228531
0.004835963249206543,0.08046790957450867
0.17852817475795746,0.20000000298023224
0.17804427444934845,0.1601477712392807
0.17546765506267548,0.16918407380580902
0.17300528287887573,0.1640033721923828
0.15865902602672577,0.15280994772911072
0.14754478633403778,0.16247685253620148
0.12547548115253448,0.16084101796150208
0.11015394330024719,0.14676180481910706
0.07987604290246964,0.14429856836795807
0.04553968459367752,0.11993319541215897
0.030735261738300323,0.12960600852966309
0.016003474593162537,0.11984861642122269
0.00569842429831624,0.10714250802993774
0.0,0.11465078592300415
0.0,0.10461556911468506
0.0,0.10098030418157578
0.0,0.08891932666301727
0.0,0.0894865095615387
0.0,0.07174761593341827
0.0,0.07889623194932938
0.0,0.059221964329481125
0.0,0.08105053007602692
0.0,0.05654333531856537
0.0,0.05633912235498428
0.0,0.05148681625723839
0.0,0.054071828722953796
0.0,0.04377073422074318
0.0,0.03989412263035774
0.0,0.03693123534321785
0.0,0.029913708567619324
0.0,0.02006424404680729
0.0,0.009634478949010372
0.0,0.01309445034712553
0.0,0.009199341759085655
0.0,0.004600263200700283
0.0,0.0009577271994203329
0.0,0.0012375488877296448
0.0,0.0006363640422932804
0.0,0.0
0.0,0.0
0.0,0.0
0.0,0.0
0.0,0.0
0.0,0.0
0.0,0.0
0.0,0.0
0.0,0.0
0.0,0.0
0.0,0.0
0.0,0.0
0.0,0.0
0.0,0.0
0.0,0.0
0.0,0.0
0.0,0.0
0.0,0.0
0.0,0.0
0.0,0.0
0.0,0.0
0.0,0.0
0.0,0.0
0.0,0.0
0.0,0.0
0.0,0.0
0.0,0.0
0.0,0.0
0.0,0.0
0.0,0.0
0.0,0.0
0.0,0.0
0.0,0.0
0.0,0.0
0.0,0.0
0.0,0.0
0.0,0.0
0.0,0.0
0.0,0.0
0.0,0.0
0.0,0.0
0.0,0.0
0.0,0.0
0.0,0.0
0.0,0.0
0.0,0.0
0.0,0.0
0.0,0.0
0.0,0.0
0.0,0.0
0.0,0.0
0.0,0.0
0.0,0.0
0.0,0.0
0.0,0.0
0.0,0.0
0.0,0.0
0.0,0.0
0.0,0.0
0.0,0.0
0.0,0.0
0.0,0.0
0.0,0.0
0.0,0.0
0.0,0.0
0.0,0.0
0.0,0.0
0.0,0.0
0.0,0.0
0.0,0.0
0.0,0.0
0.0,0.0
0.0,0.0
0.0,0.0
0.0,0.0
0.0,0.0
0.0,0.0
0.0,0.0
0.0,0.0
0.0,0.0
0.0,0.0
0.0,0.0
0.0,0.0
0.0,0.0
0.0,0.0
0.0,0.0
0.0,0.0
0.0,0.0
0.0,0.0
0.0,0.0
0.0,0.0
0.0,0.0
0.0,0.0
0.0,0.0
0.0,0.0
0.0,0.0
0.0,0.0
0.0,0.0
0.0,0.0
0.0,0.0
0.0,0.0
0.0,0.0
0.0,0.0
0.0,0.0
0.0,0.0
0.0,0.0
0.0,0.0
0.0,0.0
0.0,0.0
0.0,0.0
0.0,0.0
0.0,0.0
0.0,0.0
0.0,0.0
0.0,0.0
0.042439479380846024,0.0
0.040277235209941864,0.010177058167755604
0.030574148520827293,0.007768637966364622
0.029749134555459023,0.005266866181045771
0.04203343018889427,0.007307907100766897
0.04980923980474472,0.013065689243376255
0.05210097134113312,0.01427596528083086
0.05546088144183159,0.01273032184690237
0.05880187451839447,0.014865037053823471
0.06212584301829338,0.017301950603723526
0.0523567870259285,0.01852908544242382
0.05147133022546768,0.01417059451341629
0.05498243495821953,0.01620829850435257
0.04975228011608124,0.018236951902508736
0.044619932770729065,0.015632394701242447
0.04394059255719185,0.014821341261267662
0.03893176466226578,0.015822570770978928
0.03401174023747444,0.014026525430381298
0.024817639961838722,0.013111882843077183
0.015765562653541565,0.010294249281287193
0.011207487434148788,0.008330113254487514
0.006718310993164778,0.008164973929524422
0.0,0.007054624613374472
0.0,0.004063507076352835
0.0,0.0019454944413155317
0.0,0.0016437795711681247
0.0,0.0
0.0,0.0
0.0,0.0
0.0,0.0
0.0,0.0
0.0,0.0
0.0,0.0
0.0,0.0
0.0,0.0
0.0,0.0
0.0,0.0
0.0,0.0
0.0,0.0
0.0,0.0
0.0,0.0
0.0,0.0
0.0,0.0
0.0,0.0
0.0,0.0
0.0,0.0
0.0,0.0
0.0,0.0
0.0,0.0
0.0,0.0
0.0,0.0
0.0,0.0
0.0,0.0
0.0,0.0
0.0,0.0
0.0,0.0
0.0,0.0
0.0,0.0
0.0,0.0
0.0,0.0
0.0,0.0
0.0,0.0
0.0,0.0
0.0,0.0
0.0,0.0
0.0,0.0
0.0,0.0
0.0,0.0
0.0,0.0
0.0,0.0
0.0,0.0
0.0,0.0
0.0,0.0
0.0,0.0
0.0,0.0
0.0,0.0
0.0,0.0
0.0,0.0
0.0,0.0
0.0,0.0
0.0,0.0
0.0,0.0
0.0,0.0
0.0,0.0
0.0,0.0
0.0,0.0
0.0,0.0
0.0,0.0
0.0,0.0
0.0,0.0
0.0,0.0
0.0,0.0
0.0,0.0
0.0,0.0
0.0,0.0
0.0,0.0
0.0,0.0
0.07433285564184189,0.0
0.08735580742359161,0.0
0.10250319540500641,0.0
0.1087823435664177,0.0
0.11068019270896912,0.005883258301764727
0.12133555859327316,0.020603593438863754
0.12319118529558182,0.020461736246943474
0.1294489949941635,0.023984331637620926
0.1331927627325058,0.02720683068037033
0.13080254197120667,0.025991471484303474
0.13933855295181274,0.028920559212565422
0.13706238567829132,0.03220459446310997
0.1305254101753235,0.028993569314479828
0.1179099753499031,0.027857180684804916
0.11181861162185669,0.026630621403455734
0.06720569729804993,0.01730261743068695
0.05767383426427841,0.016165493056178093
0.04394052177667618,0.012187384068965912
0.03041752427816391,0.00905146449804306
0.017096206545829773,0.011432214640080929
0.0,0.0003942393232136965
0.0,0.0
0.0,0.0
0.0,0.0
0.0,0.0
0.0,0.0
0.0,0.0
0.0,0.0
0.0,0.0
0.0,0.0
0.0,0.0
0.0,0.0
0.0,0.0
0.0,0.0
0.0,0.0
0.0,0.0
0.0,0.0
0.0,0.0
0.0,0.0
0.0,0.0
0.0,0.0
0.0,0.0
0.0,0.0
0.0,0.0
0.0,0.0
0.0,0.0
0.0,0.0
0.0,0.0
0.0,0.0
0.0,0.0
0.0,0.0
0.0,0.0
0.0,0.0
0.0,0.0
0.0,0.0
0.0,0.0
0.0,0.0
0.0,0.0
0.0,0.0
0.0,0.0
0.0,0.0
0.0,0.0
0.0,0.0
0.0,0.0
0.0,0.0
0.0,0.0
0.0,0.0
0.0,0.0
0.0,0.0
0.0,0.0
0.0,0.0
0.0,0.0
0.0,0.0
0.0,0.0
0.0,0.0
0.0,0.0
0.0,0.0
0.0,0.0
0.0,0.0
0.05735292285680771,0.0
0.06851090490818024,0.0
0.07520212233066559,0.0
0.07749313861131668,0.0
0.09288216382265091,0.0
0.11017131805419922,0.0
0.11656320840120316,0.012392296455800533
0.11857152730226517,0.01828036643564701
0.1293351948261261,0.023659393191337585
0.131296306848526,0.023490827530622482
0.133297860622406,0.025126732885837555
0.1417182832956314,0.028584884479641914
0.15249602496623993,0.029254605993628502
0.15447445213794708,0.03454082831740379
0.15649643540382385,0.035857610404491425
0.14770986139774323,0.03508257865905762
0.14567187428474426,0.035521093755960464
0.1480841338634491,0.037775587290525436
0.12265827506780624,0.03758157044649124
0.09820716083049774,0.02298205904662609
0.08410287648439407,0.02280472032725811
0.07022862136363983,0.019798729568719864
0.043496787548065186,0.011114099994301796
0.012862449511885643,0.01619751751422882
0.0,0.002737370552495122
0.0,0.004133856855332851
0.0,0.0
0.0,0.0
0.0,0.0
0.0,0.0
0.0,0.0
0.0,0.0
0.0,0.0
0.0,0.0
0.0,0.0
0.0,0.0
0.0,0.0
0.0,0.0
0.0,0.0
0.0,0.0
0.0,0.0
0.0,0.0
0.0,0.0
0.0,0.0
0.0,0.0
0.0,0.0
0.0,0.0
0.0,0.0
0.0,0.0
0.0,0.0
0.0,0.0
0.0,0.0
0.0,0.0
0.0,0.0
0.0,0.0
0.0,0.0
0.0,0.0
0.0,0.0
0.0,0.0
0.0,0.0
0.0,0.0
0.0,0.0
0.0,0.0
0.0,0.0
0.0,0.0
0.0,0.0
0.0,0.0
0.0,0.0
0.0,0.0
0.0,0.0
0.0,0.0
0.0,0.0
0.0,0.0
0.0,0.0
0.0,0.0
0.0,0.0
0.0,0.0
0.0,0.0
0.0,0.0
0.0,0.0
0.0,0.0
0.0,0.0
0.0,0.0
0.0,0.0
0.0,0.0
0.0,0.0
0.0,0.0
0.0,0.0
0.0,0.0
0.0,0.0
0.0,0.0
0.0,0.0
0.05711790919303894,0.0
0.07515062391757965,0.0
0.08188779652118683,0.0
0.08858257532119751,0.0
0.09523817896842957,0.0
0.10621563345193863,0.0
0.12145646661520004,0.0020116837695240974
0.12782889604568481,0.020108936354517937
0.1341785043478012,0.02276226133108139
0.13614873588085175,0.023538857698440552
0.13380125164985657,0.023328520357608795
0.13155430555343628,0.024526294320821762
0.13376307487487793,0.02502640150487423
0.1253211796283722,0.025470878928899765
0.12344185262918472,0.02586626634001732
0.12164505571126938,0.026218343526124954
0.11822612583637238,0.02592407912015915
0.10650929063558578,0.025452883914113045
0.1008414775133133,0.022811805829405785
0.09093475341796875,0.024732451885938644
0.08556254208087921,0.021068884059786797
0.07593914121389389,0.017313765361905098
0.06153339892625809,0.01604413613677025
0.04754673317074776,0.014908762648701668
0.04291759058833122,0.011897151358425617
0.03836313262581825,0.00953507237136364
0.029466282576322556,0.009007078595459461
0.016399947926402092,0.009683392010629177
0.003516565542668104,0.0
0.0,0.0
0.0,0.0
0.0,0.0
0.0,0.0
0.0,0.0
0.0,0.0
0.0,0.0
0.0,0.0
0.0,0.0
0.0,0.0
0.0,0.0
0.0,0.0
0.0,0.0
0.0,0.0
0.0,0.0
0.0,0.0
0.0,0.0
0.0,0.0
0.0,0.0
0.0,0.0
0.0,0.0
0.0,0.0
0.0,0.0
0.0,0.0
0.0,0.0
0.0,0.0
0.0,0.0
0.0,0.0
0.0,0.0
0.0,0.0
0.0,0.0
0.0,0.0
0.0,0.0
0.0,0.0
0.0,0.0
0.0,0.0
0.0,0.0
0.0,0.0
0.0,0.0
0.0,0.0
0.0,0.0
0.0,0.0
0.0,0.0
0.0,0.0
0.0,0.0
0.0,0.0
0.0,0.0
0.0,0.0
0.0,0.0
0.0,0.0
0.0,0.0
0.0,0.0
0.0,0.0
0.0,0.0
0.0,0.0
0.0,0.0
0.0411984920501709,0.0
0.04435552656650543,0.0
0.05185791477560997,0.0
0.05928792804479599,0.0
0.06664884090423584,0.0
0.06958475708961487,0.0
0.08404967933893204,0.0
0.0825076699256897,0.012071166187524796
0.08538999408483505,0.01347131747752428
0.08827470242977142,0.012993034906685352
0.08680310845375061,0.015253583900630474
0.08975360542535782,0.016581004485487938
0.08834606409072876,0.016039032489061356
0.08699991554021835,0.01638002134859562
0.10621725022792816,0.017928197979927063
0.10910096764564514,0.025656091049313545
0.10763177275657654,0.02421030029654503
0.10622891038656235,0.02367318980395794
0.10924886912107468,0.02401927299797535
0.11226977407932281,0.02805482968688011
0.11093297600746155,0.026553522795438766
0.10529924184083939,0.026866184547543526
0.10414464771747589,0.025281837210059166
0.09432701766490936,0.026419799774885178
0.08468235284090042,0.019155999645590782
0.07520350813865662,0.019152946770191193
0.07024227827787399,0.020950134843587875
0.06537266075611115,0.017177317291498184
0.06494900584220886,0.018915703520178795
0.06454848498106003,0.01881776936352253
0.0554521419107914,0.018733490258455276
0.042138926684856415,0.009343455545604229
0.033381350338459015,0.013723162934184074
0.02475040778517723,0.009777093306183815
0.01188170351088047,0.0076345535926520824
0.007907581515610218,0.005638377740979195
0.0,0.0
0.0,0.0
0.0,0.0
0.0,0.0
0.0,0.0
0.0,0.0
0.0,0.0
0.0,0.0
0.0,0.0
0.0,0.0
0.0,0.0
0.0,0.0
0.0,0.0
0.0,0.0
0.0,0.0
0.0,0.0
0.0,0.0
0.0,0.0
0.0,0.0
0.0,0.0
0.0,0.0
0.0,0.0
0.0,0.0
0.0,0.0
0.0,0.0
0.0,0.0
0.0,0.0
0.0,0.0
0.0,0.0
0.0,0.0
0.0,0.0
0.0,0.0
0.0,0.0
0.0,0.0
0.0,0.0
0.0,0.0
0.0,0.0
0.0,0.0
0.0,0.0
0.0,0.0
0.0,0.0
0.0,0.0
0.0,0.0
0.0,0.0
0.0,0.0
0.0,0.0
0.0,0.0
0.0,0.0
0.0,0.0
0.0,0.0
0.0,0.0
0.0,0.0
0.0,0.0
0.0,0.0
0.0,0.0
0.0,0.0
0.0,0.0
0.0,0.0
0.0,0.0
0.0,0.0
0.0,0.0
0.0,0.0
0.0,0.0
0.0,0.0
0.0,0.0
0.0,0.0
0.0,0.0
0.0,0.0
0.0,0.0
0.0,0.0
0.0,0.0
0.0,0.0
0.0,0.0
0.0,0.0
0.0,0.0
0.0,0.0
0.0,0.0
0.0,0.0
0.0,0.0
0.0,0.0
0.0,0.0
0.0,0.0
0.0,0.0
0.0,0.0
0.0,0.0
0.0,0.0
0.0,0.0
0.0,0.0
0.0,0.0
0.0,0.0
0.0,0.0
0.0,0.0
0.0,0.0
0.0,0.0
0.0,0.0
0.0,0.0
0.0,0.0
0.0,0.0
0.0,0.0
0.0,0.0
0.0,0.0
0.0,0.0
0.0,0.0
0.0,0.0
0.0,0.0
0.0,0.0
0.0,0.0
0.0,0.0
0.0,0.0
0.0,0.0
0.0,0.0
0.0,0.0
0.0,0.0
0.0,0.0
0.0,0.0
0.0,0.0
0.0,0.0
0.0,0.0
0.0,0.0
0.0,0.0
0.0,0.0
0.0,0.0
0.0,0.0
0.0,0.0
0.0,0.0
0.0,0.0
0.0,0.0
0.0,0.0
0.0,0.0
0.0,0.0
0.0,0.0
0.0,0.0
0.0,0.0
0.0,0.0
0.0,0.0
0.0,0.0
0.0,0.0
0.0,0.0
0.0,0.0
0.0,0.0
0.0,0.0
0.0,0.0
0.0,0.0
0.0,0.0
0.0,0.0
0.0,0.0
0.0,0.0
0.0,0.0
0.0,0.0
0.0,0.0
0.0,0.0
0.0,0.0
0.0,0.0
0.0,0.0
0.0,0.0
0.0,0.0
0.0,0.0
0.0,0.0
0.0,0.0
0.0,0.0
0.0,0.0
0.0,0.0
0.0,0.0
0.0,0.0
0.0,0.0
0.0,0.0
0.0,0.0
0.0,0.0
0.0,0.0
0.0,0.0
0.0,0.0
0.0,0.0
0.0,0.0
0.0,0.0
0.0,0.0
0.0,0.0
0.0,0.0
0.0,0.0
0.0,0.0
0.0,0.0
0.0,0.0
0.0,0.0
0.0,0.0
0.0,0.0
0.0,0.0
0.0,0.0
0.0,0.0
0.0,0.0
0.0,0.0
0.0,0.0
0.0,0.0
0.0,0.0
0.0,0.0
0.0,0.0
0.0,0.0
0.0,0.0
0.0,0.0
0.0,0.0
0.0,0.0
0.0,0.0
0.0,0.0
0.0,0.0
0.0,0.0
0.0,0.0
0.0,0.0
0.0,0.0
0.0,0.0
0.0,0.0
0.0,0.0
0.0,0.0
0.0,0.0
0.0,0.0
0.0,0.0
0.0,0.0
0.0,0.0
0.0,0.0
0.0,0.0
0.0,0.0
0.0,0.0
0.0,0.0
0.0,0.0
0.0,0.0
0.0,0.0
0.0,0.0
0.0,0.0
0.0,0.0
0.0,0.0
0.0,0.0
0.0,0.0
0.0,0.0
0.0,0.0
0.0,0.0
0.0,0.0
0.0,0.0
0.0,0.0
0.0,0.0
0.0,0.0
0.0,0.0
0.0,0.0
0.017591111361980438,0.0
0.020795533433556557,0.0
0.015250969678163528,0.0
0.014753203839063644,0.0
0.013814371079206467,0.0
0.017730891704559326,0.0
0.017245011404156685,0.0
0.021137278527021408,0.0
0.024987535551190376,0.0
0.024438796564936638,0.0
0.028271101415157318,0.0
0.032064925879240036,0.0
0.03582180663943291,0.0
0.03954359516501427,0.0
0.04323207214474678,0.0
0.03817087411880493,0.0
0.03320049121975899,0.0
0.028317000716924667,0.0
0.027875667437911034,0.0
0.035707276314496994,0.0
0.03084404021501541,0.0
0.026063576340675354,0.0
0.021362274885177612,0.0
0.016737036406993866,0.0
0.0,0.0
0.0,0.0
0.0005982633447274566,0.0
0.0005782445659860969,0.0
0.0,0.0
0.0,0.0
0.0,0.0
0.0,0.0
0.0,0.0
0.0,0.0
0.0,0.0
0.0,0.0
0.0,0.0
0.0,0.0
0.0,0.0
0.0,0.0
0.0,0.0
0.0,0.0
0.0,0.0
0.0,0.0
0.0,0.0
0.0,0.0
0.0,0.0
0.0,0.0
0.0,0.0
0.0,0.0
0.0,0.0
0.0,0.0
0.0,0.0
0.0,0.0
0.0,0.0
0.0,0.0
0.0,0.0
0.0,0.0
0.0,0.0
0.0,0.0
0.0,0.0
0.0,0.0
0.0,0.0
0.0,0.0
0.0,0.0
0.0,0.0
0.0,0.0
0.0,0.0
0.0,0.0
0.0,0.0
0.0,0.0
0.0,0.0
0.0,0.0
0.0,0.0
0.0,0.0
0.0,0.0
0.0,0.0
0.0,0.0
0.0,0.0
0.0,0.0
0.0,0.0
0.0,0.0
0.0,0.0
0.0,0.0
0.0,0.0
0.0,0.0
0.0,0.0
0.0,0.0
0.0,0.0
0.0,0.0
0.0,0.0
0.0,0.0
0.0,0.0
0.0,0.0
0.0,0.0
0.0,0.0
0.0,0.0
0.0,0.0
0.0,0.0
0.0,0.0
0.0,0.0
0.0,0.0
0.0,0.0
0.0,0.0
0.0,0.0
0.0,0.0
0.0,0.0
0.0,0.0
0.0,0.0
0.0,0.0
0.034961674362421036,0.0
0.04250986874103546,0.0
0.04562324658036232,0.0
0.051815640181303024,0.0
0.049311064183712006,0.0
0.06121083348989487,0.0
0.06861744821071625,0.0
0.057201024144887924,0.0
0.04733807221055031,0.0
0.04636141285300255,0.0
0.032348163425922394,0.0
0.03163137659430504,0.0
0.026584412902593613,0.0
0.030343642458319664,0.0
0.029707375913858414,0.0
0.02909686230123043,0.0
0.028511110693216324,0.0
0.03230782970786095,0.0
0.04409005865454674,0.0
0.0433635413646698,0.0
0.04266795888543129,0.0
0.046361152082681656,0.0
0.05438121780753136,0.0
0.052839506417512894,0.0
0.04719298705458641,0.0
0.04659029096364975,0.0
0.036807265132665634,0.0
0.03640059754252434,0.0
0.03165353089570999,0.0
0.03134380280971527,0.0
0.03540758043527603,0.0
0.04378392547369003,0.0
0.04769621789455414,0.0
0.0554053820669651,0.0
0.05920568108558655,0.0
0.06297221034765244,0.0
0.06670669466257095,0.005878496915102005
0.0616927295923233,0.0033111320808529854
0.05677075311541557,0.002533809980377555
0.060654863715171814,0.005428915377706289
0.05578434467315674,0.0027719843201339245
0.055358897894620895,0.003779059974476695
0.0549553744494915,0.0038523601833730936
0.06329099088907242,0.003918745554983616
0.05408996343612671,0.0039790295995771885
0.05375276505947113,0.004033930134028196
0.0534340925514698,0.004084080923348665
0.05749226361513138,0.005993600469082594
0.04816555976867676,0.002381116384640336
0.04780113697052002,0.0033017040695995092
0.04327797889709473,0.003298558061942458
0.034467991441488266,0.0
0.030145686119794846,0.0
0.030245235189795494,0.0
0.025985341519117355,0.0
0.021785443648695946,0.0
0.013283771462738514,0.0
0.00925652589648962,0.0
0.0052782511338591576,0.0
0.0,0.0
0.0,0.0
0.0,0.0
0.0,0.0
0.0,0.0
0.0,0.0
0.0,0.0
0.0,0.0
0.0,0.0
0.0,0.0
0.0,0.0
0.0,0.0
0.0,0.0
0.0,0.0
0.0,0.0
0.0,0.0
0.00434583704918623,0.0
0.004371361341327429,0.0
3.77257056243252e-05,0.0
0.00012338938540779054,0.0
0.004565218463540077,0.0
0.0045848689042031765,0.0
0.008983494713902473,0.0
0.00022497728059533983,0.0
0.0,0.0
0.0,0.0
0.0006255486514419317,0.0
0.0006953190895728767,0.0
0.005121865775436163,0.0
0.013844513334333897,0.0
0.0522129125893116,0.0
0.055955447256565094,0.0
0.07194569706916809,0.0
0.07900197058916092,0.006525932811200619
0.08685865998268127,0.014650394208729267
0.10239865630865097,0.020250245928764343
0.10566780716180801,0.018947111442685127
0.10457056760787964,0.018536100164055824
0.10788610577583313,0.018994029611349106
0.11555157601833344,0.024992188438773155
0.11443102359771729,0.02269073761999607
0.1177254244685173,0.024978533387184143
0.12101320922374725,0.02633213810622692
0.1199360117316246,0.02581503801047802
0.11794482916593552,0.026506323367357254
0.11109444499015808,0.027295980602502823
0.1053328812122345,0.02750799059867859
0.1003929004073143,0.027699308469891548
0.09990750998258591,0.026008807122707367
0.09073549509048462,0.027163377031683922
0.08995082974433899,0.024344027042388916
0.0897115096449852,0.023340484127402306
0.084935262799263,0.023293552920222282
0.0804571658372879,0.023279404267668724
0.076055146753788,0.01954338140785694
0.07172585278749466,0.01758851297199726
0.04595768824219704,0.01370757445693016
0.028987040743231773,0.010453921742737293
0.016605980694293976,0.005486235488206148
0.004385244566947222,0.0031936371233314276
0.0,0.0
0.0,0.0
0.0,0.0
0.0,0.0
0.0,0.0
0.0,0.0
0.0,0.0
0.0,0.0
0.0,0.0
0.0,0.0
0.0,0.0
0.0,0.0
0.0,0.0
0.0,0.0
0.0,0.0
0.0,0.0
0.0,0.0
0.0,0.0
0.0,0.0
0.0,0.0
0.0,0.0
0.0,0.0
0.0,0.0
0.0,0.0
0.0,0.0
0.0,0.0
0.0,0.0
0.0,0.0
0.0,0.0
0.0,0.0
0.0,0.0
0.0,0.0
0.0,0.0
0.0,0.0
0.0,0.0
0.0,0.0
0.0,0.0
0.0,0.0
0.0,0.0
0.0,0.0
0.0,0.0
0.0,0.0
0.0,0.0
0.0,0.0
0.0,0.0
0.03229960799217224,0.0
0.040107447654008865,0.0
0.04347170516848564,0.0
0.051174573600292206,0.0
0.054438818246126175,0.0
0.06092207878828049,0.0
0.08472823351621628,0.0
0.09204565733671188,0.0
0.10214514285326004,0.0
0.11371111869812012,0.0
0.12080435454845428,0.020145725458860397
0.12349052727222443,0.018050478771328926
0.12619176506996155,0.01775754988193512
0.12454888224601746,0.020183229818940163
0.12733981013298035,0.019794538617134094
0.13014298677444458,0.022135693579912186
0.13295802474021912,0.023536331951618195
0.13142582774162292,0.024923954159021378
0.12560679018497467,0.02443673275411129
0.11435303092002869,0.022964391857385635
0.11326633393764496,0.020475002005696297
0.10787437111139297,0.02271376922726631
0.08876428008079529,0.018326612189412117
0.0790146067738533,0.014555294066667557
0.05223998799920082,0.013267973437905312
0.043511372059583664,0.007493213284760714
0.034910351037979126,0.006270617712289095
0.030790193006396294,0.0037181556690484285
0.0011017514625564218,0.004298074636608362
0.0,0.0
0.0,0.0
0.0,0.0
0.0,0.0
0.0,0.0
0.0,0.0
0.0,0.0
0.0,0.0
0.0,0.0
0.0,0.0
0.0,0.0
0.0,0.0
0.0,0.0
0.0,0.0
0.0,0.0
0.0,0.0
0.0,0.0
0.0,0.0
0.0,0.0
0.0,0.0
0.0,0.0
0.0,0.0
0.0,0.0
0.0,0.0
0.0,0.0
0.0,0.0
0.0,0.0
0.0,0.0
0.0,0.0
0.0,0.0
0.0,0.0
0.0,0.0
0.0,0.0
0.0,0.0
0.0,0.0
0.0,0.0
0.0,0.0
0.0,0.0
0.0,0.0
0.0,0.0
0.0,0.0
0.0,0.0
0.0,0.0
0.025617700070142746,0.0
0.03356402739882469,0.0
0.041419316083192825,0.0
0.056875843554735184,0.0
0.06012548878788948,0.0
0.06772065907716751,0.0
0.07524251192808151,0.0
0.08269472420215607,0.0
0.09008045494556427,0.0
0.09740385413169861,0.0
0.10321778059005737,0.002239425666630268
0.10177211463451385,0.012672903947532177
0.10475011169910431,0.012256504036486149
0.10773059725761414,0.01457240991294384
0.10940064489841461,0.014086405746638775
0.10808811336755753,0.017119981348514557
0.11000321805477142,0.017459753900766373
0.11316585540771484,0.019008932635188103
0.11833737045526505,0.02301165647804737
0.11283013969659805,0.02148175984621048
0.10743949562311172,0.02202724479138851
0.0926305279135704,0.0185311958193779
0.08762233704328537,0.01690833829343319
0.07835110276937485,0.016930753365159035
0.06025686860084534,0.017852282151579857
0.05142148584127426,0.010225513018667698
0.042799390852451324,0.008146648295223713
0.03858470916748047,0.006685497239232063
0.030071387067437172,0.005483642220497131
0.021676471456885338,0.0024133468978106976
0.013393811881542206,0.00022703447029925883
0.005218602251261473,0.0
0.0015052618691697717,0.0
0.0,0.0
0.0,0.0
0.0,0.0
0.0,0.0
0.0,0.0
0.0,0.0
0.0,0.0
0.0,0.0
0.0,0.0
0.0,0.0
0.0,0.0
0.0,0.0
0.0,0.0
0.0,0.0
0.0,0.0
0.0,0.0
0.0,0.0
0.0,0.0
0.0,0.0
0.0,0.0
0.0,0.0
0.0,0.0
0.0,0.0
0.0,0.0
0.0,0.0
0.0,0.0
0.0,0.0
0.0,0.0
0.0,0.0
0.0,0.0
0.0,0.0
0.0,0.0
0.0,0.0
0.0,0.0
0.0,0.0
0.0,0.0
0.0,0.0
0.0,0.0
0.0,0.0
0.0,0.0
0.0,0.0
0.0,0.0
0.0,0.0
0.0,0.0
0.0,0.0
0.0,0.0
0.0,0.0
0.0,0.0
0.0,0.0
0.0,0.0
0.0,0.0
0.0,0.0
0.0,0.0
0.0,0.0
0.0,0.0
0.0,0.0
0.0,0.0
0.0,0.0
0.0,0.0
0.0,0.0
0.0,0.0
0.0,0.0
0.0,0.0
0.0,0.0
0.0,0.0
0.0,0.0
0.0,0.0
0.0,0.0
0.0,0.0
0.0,0.0
0.0,0.0
0.0,0.0
0.0,0.0
0.0,0.0
0.0,0.0
0.0,0.0
0.0,0.0
0.0,0.0
0.0,0.0
0.0,0.0
0.0,0.0
0.0,0.0
0.0,0.0
0.0,0.0
0.0,0.0
0.0,0.0
0.0,0.0
0.0,0.0
0.0,0.0
0.0,0.0
0.0,0.0
0.0,0.0
0.0,0.0
0.0,0.0
0.0,0.0
0.0,0.0
0.0,0.0
0.0,0.0
0.0,0.0
0.0,0.0
0.0,0.0
0.0,0.0
0.0,0.0
0.0,0.0
0.0,0.0
0.0,0.0
0.0,0.0
0.0,0.0
0.0,0.0
0.0,0.0
0.23862306773662567,0.0
0.24487018585205078,0.0
0.25038009881973267,0.0
0.0,0.0
0.0,0.0
0.0,0.0
0.0,0.0
0.0,0.0
0.0,0.0
0.0,0.0
0.0,0.0
0.0,0.0
0.0,0.0
0.0,0.0
0.0,0.0
0.0,0.0
0.0,0.0
0.0,0.0
0.0,0.0
0.0,0.0
0.0,0.0
0.0,0.0
0.0,0.0
0.0,0.0
0.0,0.0
0.0,0.0
0.0,0.0
0.0,0.0
0.0,0.0
0.0,0.0
0.0,0.0
0.0,0.0
0.0,0.0
0.0,0.0
0.0,0.0
0.0,0.0
0.0,0.0
0.0,0.0
0.0,0.0
0.0,0.0
0.0,0.0
0.0,0.0
0.0,0.0
0.0,0.0
0.0,0.0
0.0,0.0
0.0,0.0
0.0,0.0
0.0,0.0
0.0,0.0
0.0,0.0
0.0,0.0
0.0,0.0
0.0,0.0
0.0,0.0
0.0,0.0
0.0,0.0
0.0,0.0
0.0,0.0
0.0,0.0
0.0,0.0
0.0,0.0
0.0,0.0
0.0,0.0
0.0,0.0
0.0,0.0
0.0,0.0
0.0,0.0
0.0,0.0
0.0,0.0
0.0,0.0
0.0,0.0
0.0,0.0
0.0,0.0
0.0,0.0
0.0,0.0
0.0,0.0
0.0,0.0
0.0,0.0
0.0,0.0
0.0,0.0
0.0,0.0
0.0,0.0
0.0,0.0
0.0,0.0
0.0,0.0
0.0,0.0
